Page Title,URL Slug,Keywords,Category,Priority,Status,H1 Title
"Performance-Based Web Design for Tree Removal Companies in North Carolina",/services/performance-partnerships/tree-removal-companies,"performance web design tree removal NC, tree service website partnerships",Performance Partnership,High,Planned,"Performance-Based Web Design for Tree Removal Companies in North Carolina"
"Revenue-Sharing Web Design for Diesel Mechanics in North Carolina",/services/performance-partnerships/diesel-mechanics,"diesel mechanic website partnerships NC, truck repair web design revenue sharing",Performance Partnership,High,Planned,"Revenue-Sharing Web Design for Diesel Mechanics in North Carolina"
"Performance-Based Website Design for HVAC Companies in North Carolina",/services/performance-partnerships/hvac-contractors,"HVAC website performance partnerships NC, heating cooling web design revenue sharing",Performance Partnership,High,Planned,"Performance-Based Website Design for HVAC Companies in North Carolina"
"Revenue-Sharing Web Design for Plumbing Companies in North Carolina",/services/performance-partnerships/plumbing-services,"plumber website partnerships NC, plumbing web design revenue sharing",Performance Partnership,High,Planned,"Revenue-Sharing Web Design for Plumbing Companies in North Carolina"
"Performance-Based Web Design for Electrical Contractors in North Carolina",/services/performance-partnerships/electrical-contractors,"electrician website partnerships NC, electrical contractor web design revenue sharing",Performance Partnership,High,Planned,"Performance-Based Web Design for Electrical Contractors in North Carolina"
"Revenue-Sharing Website Design for Roofing Companies in North Carolina",/services/performance-partnerships/roofing-companies,"roofing website partnerships NC, roofing contractor web design revenue sharing",Performance Partnership,High,Planned,"Revenue-Sharing Website Design for Roofing Companies in North Carolina"
"Performance-Based Web Design for Landscaping Companies in North Carolina",/services/performance-partnerships/landscaping-companies,"landscaping website partnerships NC, lawn care web design revenue sharing",Performance Partnership,High,Planned,"Performance-Based Web Design for Landscaping Companies in North Carolina"
"Revenue-Sharing Web Design for Auto Repair Shops in North Carolina",/services/performance-partnerships/auto-repair-shops,"auto repair website partnerships NC, mechanic web design revenue sharing",Performance Partnership,High,Planned,"Revenue-Sharing Web Design for Auto Repair Shops in North Carolina"
"Performance-Based Website Design for Concrete Contractors in North Carolina",/services/performance-partnerships/concrete-contractors,"concrete website partnerships NC, concrete contractor web design revenue sharing",Performance Partnership,High,Planned,"Performance-Based Website Design for Concrete Contractors in North Carolina"
"Revenue-Sharing Web Design for Pest Control Companies in North Carolina",/services/performance-partnerships/pest-control-companies,"pest control website partnerships NC, exterminator web design revenue sharing",Performance Partnership,High,Planned,"Revenue-Sharing Web Design for Pest Control Companies in North Carolina"
"Performance-Based Web Design for Cleaning Companies in North Carolina",/services/performance-partnerships/cleaning-services,"cleaning service website partnerships NC, janitorial web design revenue sharing",Performance Partnership,High,Planned,"Performance-Based Web Design for Cleaning Companies in North Carolina"
"Revenue-Sharing Website Design for Flooring Contractors in North Carolina",/services/performance-partnerships/flooring-contractors,"flooring website partnerships NC, flooring contractor web design revenue sharing",Performance Partnership,High,Planned,"Revenue-Sharing Website Design for Flooring Contractors in North Carolina"
"Performance-Based Web Design for Septic Companies in North Carolina",/services/performance-partnerships/septic-services,"septic service website partnerships NC, septic tank web design revenue sharing",Performance Partnership,High,Planned,"Performance-Based Web Design for Septic Companies in North Carolina"
"Revenue-Sharing Web Design for Well Drilling Companies in North Carolina",/services/performance-partnerships/well-drilling-companies,"well drilling website partnerships NC, water well web design revenue sharing",Performance Partnership,High,Planned,"Revenue-Sharing Web Design for Well Drilling Companies in North Carolina"
"Performance-Based Website Design for Towing Companies in North Carolina",/services/performance-partnerships/towing-services,"towing service website partnerships NC, tow truck web design revenue sharing",Performance Partnership,High,Planned,"Performance-Based Website Design for Towing Companies in North Carolina"
"Apply for Performance-Based Web Design Partnership in North Carolina",/services/performance-partnerships/apply,"apply performance web design partnership NC, revenue sharing website application",Performance Partnership,High,Planned,"Apply for Performance-Based Web Design Partnership in North Carolina"
"How Revenue-Sharing Web Design Partnerships Work in North Carolina",/services/performance-partnerships/how-it-works,"how performance web design works NC, revenue sharing website partnerships explained",Performance Partnership,High,Planned,"How Revenue-Sharing Web Design Partnerships Work in North Carolina"
"Custom Web Development Services in North Carolina",/services/custom-web-development,"custom web development NC, professional website development North Carolina",Traditional Service,High,Planned,"Custom Web Development Services in North Carolina"
"React and Next.js Development Services in North Carolina",/services/react-nextjs-development,"React development NC, Next.js development North Carolina",Traditional Service,High,Planned,"React and Next.js Development Services in North Carolina"
"Expert Figma to Code Conversion Services in North Carolina",/services/figma-to-code,"Figma to code NC, design to code conversion North Carolina",Traditional Service,High,Planned,"Expert Figma to Code Conversion Services in North Carolina"
"E-commerce Website Development in North Carolina",/services/ecommerce-development,"ecommerce development NC, online store development North Carolina",Traditional Service,High,Planned,"E-commerce Website Development in North Carolina"
"Website Maintenance and Support Services in North Carolina",/services/website-maintenance,"website maintenance NC, web support plans North Carolina",Traditional Service,High,Planned,"Website Maintenance and Support Services in North Carolina"
"Search Engine Optimization Services in North Carolina",/services/seo-services,"SEO services NC, search engine optimization North Carolina",Traditional Service,High,Planned,"Search Engine Optimization Services in North Carolina"
"Local SEO Services for North Carolina Businesses",/services/local-seo,"local SEO NC, local search optimization North Carolina",Traditional Service,High,Planned,"Local SEO Services for North Carolina Businesses"
"Website Speed Optimization Services in North Carolina",/services/website-speed-optimization,"website speed optimization NC, page speed improvement North Carolina",Traditional Service,High,Planned,"Website Speed Optimization Services in North Carolina"
"Professional Web Development Services in Charlotte, North Carolina",/locations/charlotte-web-development,"Charlotte web development, Charlotte website design, web design Charlotte NC",Location,High,Planned,"Professional Web Development Services in Charlotte, North Carolina"
"Custom Web Development Services in Raleigh, North Carolina",/locations/raleigh-web-development,"Raleigh web development, Raleigh website design, web design Raleigh NC",Location,High,Planned,"Custom Web Development Services in Raleigh, North Carolina"
"Web Development Services in Greensboro, North Carolina",/locations/greensboro-web-development,"Greensboro web development, Greensboro website design, web design Greensboro NC",Location,High,Planned,"Web Development Services in Greensboro, North Carolina"
"Web Development Services in Durham, North Carolina",/locations/durham-web-development,"Durham web development, Durham website design, web design Durham NC",Location,High,Planned,"Web Development Services in Durham, North Carolina"
"Web Development Services in Winston-Salem, North Carolina",/locations/winston-salem-web-development,"Winston-Salem web development, Winston-Salem website design, web design Winston-Salem NC",Location,High,Planned,"Web Development Services in Winston-Salem, North Carolina"
"Web Development Services in Mecklenburg County, North Carolina",/locations/mecklenburg-county-web-development,"web development Mecklenburg County NC, Charlotte area website design",Location,High,Planned,"Web Development Services in Mecklenburg County, North Carolina"
"Web Development Services in Wake County, North Carolina",/locations/wake-county-web-development,"web development Wake County NC, Raleigh area website design",Location,High,Planned,"Web Development Services in Wake County, North Carolina"
"Web Development Services in Guilford County, North Carolina",/locations/guilford-county-web-development,"web development Guilford County NC, Greensboro area website design",Location,High,Planned,"Web Development Services in Guilford County, North Carolina"
"Restaurant Website Development in North Carolina",/services/restaurant-websites,"restaurant website development NC, food service web design North Carolina",Industry Service,Medium,Planned,"Restaurant Website Development in North Carolina"
"Medical Practice Website Development in North Carolina",/services/medical-practice-websites,"medical website development NC, healthcare web design North Carolina",Industry Service,Medium,Planned,"Medical Practice Website Development in North Carolina"
"Law Firm Website Development in North Carolina",/services/legal-firm-websites,"law firm website development NC, legal web design North Carolina",Industry Service,Medium,Planned,"Law Firm Website Development in North Carolina"
"Real Estate Website Development in North Carolina",/services/real-estate-websites,"real estate website development NC, property listing web design North Carolina",Industry Service,Medium,Planned,"Real Estate Website Development in North Carolina"
"Manufacturing Company Website Development in North Carolina",/services/manufacturing-websites,"manufacturing website development NC, industrial web design North Carolina",Industry Service,Medium,Planned,"Manufacturing Company Website Development in North Carolina"
"Web Development Cost Calculator for North Carolina Businesses",/resources/website-cost-calculator,"website cost calculator NC, web development pricing calculator",Resource,Medium,Planned,"Web Development Cost Calculator for North Carolina Businesses"
"Performance Partnership ROI Calculator",/resources/performance-partnership-roi-calculator,"performance web design ROI calculator, revenue sharing calculator",Resource,Medium,Planned,"Performance Partnership ROI Calculator"
"How Diesel Dudes Doubled Their Customer Calls with Performance-Based Web Design",/blog/diesel-dudes-performance-partnership-case-study,"performance web design case study, revenue sharing website success story",Blog,Medium,Planned,"How Diesel Dudes Doubled Their Customer Calls with Performance-Based Web Design"
"5 Web Design Must-Haves for Tree Removal Companies in North Carolina",/blog/web-design-tree-removal-companies-nc,"tree removal website design, tree service web requirements NC",Blog,Medium,Planned,"5 Web Design Must-Haves for Tree Removal Companies in North Carolina"
"Restaurant Website Design: Complete Guide for NC Food Service Businesses",/blog/restaurant-website-design-guide-nc,"restaurant website design NC, food service web design guide",Blog,Medium,Planned,"Restaurant Website Design: Complete Guide for NC Food Service Businesses"
"Website Speed Optimization: Complete Technical Guide",/blog/website-speed-optimization-technical-guide,"website speed optimization guide, page speed improvement techniques",Blog,Medium,Planned,"Website Speed Optimization: Complete Technical Guide"
"Free Website Planning Template for North Carolina Businesses",/resources/website-planning-template,"website planning template, web project planning guide",Resource,Low,Planned,"Free Website Planning Template for North Carolina Businesses"
"Complete Website Launch Checklist for North Carolina Businesses",/resources/website-launch-checklist,"website launch checklist, web development launch guide",Resource,Low,Planned,"Complete Website Launch Checklist for North Carolina Businesses"